{
  "model_type": "LightGBM",
  "metrics": {
    "auc_roc": 0.9889,
    "auc_pr": 0.8685,
    "f1_score": 0.5802,
    "precision": 0.4312,
    "recall": 0.8868,
    "accuracy": 0.9858
  },
  "confusion_matrix": [
    [
      4690,
      62
    ],
    [
      6,
      47
    ]
  ],
  "curves": {
    "fpr": [
      0.0,
      0.0,
      0.0,
      0.00021,
      0.00021,
      0.000421,
      0.000421,
      0.000842,
      0.000842,
      0.001473,
      0.001473,
      0.001894,
      0.001894,
      0.002104,
      0.002104,
      0.002315,
      0.002315,
      0.003577,
      0.003577,
      0.007576,
      0.007997,
      0.012416,
      0.012837,
      0.017256,
      0.017677,
      0.0242,
      0.024832,
      0.025673,
      0.026094,
      0.028199,
      0.028199,
      0.035564,
      0.036406,
      0.049663,
      0.049663,
      0.061027,
      0.06229,
      0.069024,
      0.069234,
      0.081439,
      0.081439,
      0.084175,
      0.084596,
      0.125842,
      0.125842,
      0.15404,
      0.154672,
      0.214857,
      0.214857,
      1.0
    ],
    "tpr": [
      0.0,
      0.018868,
      0.641509,
      0.641509,
      0.679245,
      0.679245,
      0.698113,
      0.698113,
      0.735849,
      0.735849,
      0.754717,
      0.754717,
      0.830189,
      0.830189,
      0.849057,
      0.849057,
      0.867925,
      0.867925,
      0.886792,
      0.886792,
      0.886792,
      0.886792,
      0.886792,
      0.886792,
      0.886792,
      0.886792,
      0.886792,
      0.886792,
      0.886792,
      0.886792,
      0.90566,
      0.90566,
      0.90566,
      0.90566,
      0.924528,
      0.924528,
      0.924528,
      0.924528,
      0.943396,
      0.943396,
      0.962264,
      0.962264,
      0.962264,
      0.962264,
      0.981132,
      0.981132,
      0.981132,
      0.981132,
      1.0,
      1.0
    ],
    "precision_curve": [
      0.01103,
      0.011083,
      0.011137,
      0.011191,
      0.011245,
      0.011301,
      0.011356,
      0.011413,
      0.011469,
      0.011527,
      0.011585,
      0.011643,
      0.011702,
      0.011762,
      0.011822,
      0.011883,
      0.011945,
      0.012007,
      0.01207,
      0.012134,
      0.012198,
      0.012263,
      0.012328,
      0.012395,
      0.012462,
      0.01253,
      0.012598,
      0.012667,
      0.012737,
      0.012808,
      0.01288,
      0.012952,
      0.013025,
      0.013099,
      0.013174,
      0.01325,
      0.013327,
      0.013404,
      0.013483,
      0.013562,
      0.013642,
      0.013723,
      0.013806,
      0.013889,
      0.013973,
      0.014058,
      0.014145,
      0.014232,
      0.01432,
      0.01441,
      0.014501,
      0.014593,
      0.014686,
      0.01478,
      0.014875,
      0.014972,
      0.01507,
      0.015169,
      0.015269,
      0.015371,
      0.015474,
      0.015579,
      0.015685,
      0.015793,
      0.015902,
      0.016012,
      0.016124,
      0.016238,
      0.016353,
      0.01647,
      0.016588,
      0.016709,
      0.016831,
      0.016955,
      0.01708,
      0.017208,
      0.017337,
      0.017469,
      0.017602,
      0.017738,
      0.017875,
      0.018015,
      0.018157,
      0.018301,
      0.018448,
      0.018596,
      0.018748,
      0.018902,
      0.019058,
      0.019217,
      0.019378,
      0.019543,
      0.01971,
      0.01988,
      0.020053,
      0.020229,
      0.020408,
      0.020591,
      0.020776,
      0.020965,
      0.021158,
      0.021354,
      0.021553,
      0.021757,
      0.021964,
      0.022176,
      0.022391,
      0.022611,
      0.022835,
      0.023064,
      0.023297,
      0.023535,
      0.023777,
      0.024025,
      0.024279,
      0.024537,
      0.024801,
      0.025071,
      0.025347,
      0.025629,
      0.025917,
      0.026212,
      0.026513,
      0.026822,
      0.027138,
      0.027461,
      0.027792,
      0.028132,
      0.028479,
      0.028836,
      0.029201,
      0.029576,
      0.02996,
      0.030355,
      0.03076,
      0.031176,
      0.031604,
      0.032044,
      0.032495,
      0.03296,
      0.033438,
      0.033931,
      0.034438,
      0.03496,
      0.035499,
      0.036054,
      0.036628,
      0.037219,
      0.03783,
      0.038462,
      0.039114,
      0.03979,
      0.040489,
      0.041213,
      0.041964,
      0.042742,
      0.04355,
      0.044389,
      0.04526,
      0.046167,
      0.047111,
      0.048094,
      0.04912,
      0.049242,
      0.050339,
      0.051485,
      0.052685,
      0.053942,
      0.05526,
      0.056645,
      0.058101,
      0.059633,
      0.061249,
      0.062954,
      0.064757,
      0.066838,
      0.068874,
      0.071038,
      0.073343,
      0.075802,
      0.078431,
      0.079687,
      0.082658,
      0.085859,
      0.089317,
      0.093066,
      0.097143,
      0.101594,
      0.106472,
      0.111842,
      0.115741,
      0.122249,
      0.129534,
      0.135359,
      0.146707,
      0.157556,
      0.170139,
      0.181132,
      0.198347,
      0.222222,
      0.248705,
      0.278107,
      0.326389,
      0.391667,
      0.489583,
      0.652778,
      0.816327,
      1.0,
      1.0
    ],
    "recall_curve": [
      1.0,
      1.0,
      1.0,
      1.0,
      1.0,
      1.0,
      1.0,
      1.0,
      1.0,
      1.0,
      1.0,
      1.0,
      1.0,
      1.0,
      1.0,
      1.0,
      1.0,
      1.0,
      1.0,
      1.0,
      1.0,
      1.0,
      1.0,
      1.0,
      1.0,
      1.0,
      1.0,
      1.0,
      1.0,
      1.0,
      1.0,
      1.0,
      1.0,
      1.0,
      1.0,
      1.0,
      1.0,
      1.0,
      1.0,
      1.0,
      1.0,
      1.0,
      1.0,
      1.0,
      1.0,
      1.0,
      1.0,
      1.0,
      1.0,
      1.0,
      1.0,
      1.0,
      1.0,
      1.0,
      1.0,
      1.0,
      1.0,
      1.0,
      1.0,
      1.0,
      1.0,
      1.0,
      1.0,
      1.0,
      1.0,
      1.0,
      1.0,
      1.0,
      1.0,
      1.0,
      1.0,
      1.0,
      1.0,
      1.0,
      1.0,
      1.0,
      1.0,
      1.0,
      1.0,
      1.0,
      1.0,
      1.0,
      1.0,
      1.0,
      1.0,
      1.0,
      1.0,
      1.0,
      1.0,
      1.0,
      1.0,
      1.0,
      1.0,
      1.0,
      1.0,
      1.0,
      1.0,
      1.0,
      1.0,
      1.0,
      1.0,
      1.0,
      1.0,
      1.0,
      1.0,
      1.0,
      1.0,
      1.0,
      1.0,
      1.0,
      1.0,
      1.0,
      1.0,
      1.0,
      1.0,
      1.0,
      1.0,
      1.0,
      1.0,
      1.0,
      1.0,
      1.0,
      1.0,
      1.0,
      1.0,
      1.0,
      1.0,
      1.0,
      1.0,
      1.0,
      1.0,
      1.0,
      1.0,
      1.0,
      1.0,
      1.0,
      1.0,
      1.0,
      1.0,
      1.0,
      1.0,
      1.0,
      1.0,
      1.0,
      1.0,
      1.0,
      1.0,
      1.0,
      1.0,
      1.0,
      1.0,
      1.0,
      1.0,
      1.0,
      1.0,
      1.0,
      1.0,
      1.0,
      1.0,
      1.0,
      1.0,
      1.0,
      1.0,
      0.981132,
      0.981132,
      0.981132,
      0.981132,
      0.981132,
      0.981132,
      0.981132,
      0.981132,
      0.981132,
      0.981132,
      0.981132,
      0.981132,
      0.981132,
      0.981132,
      0.981132,
      0.981132,
      0.981132,
      0.981132,
      0.962264,
      0.962264,
      0.962264,
      0.962264,
      0.962264,
      0.962264,
      0.962264,
      0.962264,
      0.962264,
      0.943396,
      0.943396,
      0.943396,
      0.924528,
      0.924528,
      0.924528,
      0.924528,
      0.90566,
      0.90566,
      0.90566,
      0.90566,
      0.886792,
      0.886792,
      0.886792,
      0.886792,
      0.886792,
      0.754717,
      0.490566,
      0.056604
    ]
  },
  "params": {
    "boosting_type": "gbdt",
    "class_weight": null,
    "colsample_bytree": 0.8946053640092658,
    "importance_type": "split",
    "learning_rate": 0.0362850996284832,
    "max_depth": 6,